{"cameraMode":{"drawMode":0,"name":"Shaded","section":"Shading Mode"},"sceneLighting":true,"audioPlay":false,"sceneViewState":{"m_AlwaysRefresh":false,"showFog":true,"showSkybox":true,"showFlares":true,"showImageEffects":true,"showParticleSystems":true,"showVisualEffectGraphs":true,"m_FxEnabled":true},"in2DMode":false,"pivot":{"x":-15.6090087890625,"y":3.5759406089782717,"z":22.566003799438478},"rotation":{"x":0.14262311160564423,"y":0.8503689765930176,"z":-0.2941262125968933,"w":0.4123486876487732},"size":0.05348297581076622,"orthographic":false}